pathway	pval	padj	log2err	ES	NES	size	leadingEdge
HALLMARK_APICAL_JUNCTION	0.249573892303586	0.415956487172643	0.249246554383295	-1	-1.29344096871846	1	PFN1
HALLMARK_COAGULATION	0.726377952755906	0.726377952755906	0.0597317976364411	0.692307692307692	0.888261631302314	1	MMP8
HALLMARK_COMPLEMENT	0.0719225449515906	0.359612724757953	0.195789002148949	0.694081743096109	1.4195553807627	5	LTF S100A12 MMP8 S100A9
HALLMARK_ESTROGEN_RESPONSE_LATE	0.375	0.46875	0.0813027345384498	0.666666666666667	1.11086743912979	2	LTF S100A9
HALLMARK_PI3K_AKT_MTOR_SIGNALING	0.249573892303586	0.415956487172643	0.249246554383295	-1	-1.29344096871846	1	PFN1
