pathway	pval	padj	log2err	ES	NES	size	leadingEdge
HALLMARK_ALLOGRAFT_REJECTION	0.560975609756098	0.841463414634147	0.114266502484433	-0.37074719312694	-0.930268819109763	5	B2M PRF1 HLA-A GZMB
HALLMARK_COMPLEMENT	0.915678524374177	0.915678524374177	0.0302754424728262	0.305596912884316	0.608492452550135	5	FCER1G S100A12 S100A9 GZMB PFN1
HALLMARK_EPITHELIAL_MESENCHYMAL_TRANSITION	0.809453471196455	0.915678524374177	0.041488040200221	0.409271581506268	0.736373298624354	3	LGALS1 EMP3 IL32
HALLMARK_FATTY_ACID_METABOLISM	0.0738552437223043	0.227218934911243	0.199915231309662	0.792339788161252	1.42560072529905	3	XIST LGALS1
HALLMARK_INTERFERON_ALPHA_RESPONSE	0.0757396449704142	0.227218934911243	0.175204047558551	0.652567075206575	1.4513949658489	8	OAS1 ISG15 MX1 LY6E SAMD9L
HALLMARK_INTERFERON_GAMMA_RESPONSE	0.218934911242604	0.437869822485207	0.0959206777921745	0.553401079036286	1.23083675337796	8	ISG15 MX1 LY6E SAMD9L
