pathway	pval	padj	log2err	ES	NES	size	leadingEdge
HALLMARK_ALLOGRAFT_REJECTION	0.0297450759918651	0.11898030396746	0.352487857583619	-0.780487804878049	-1.80972976484528	4	HLA-A GZMB PRF1 ITGB2
HALLMARK_COMPLEMENT	0.807486631016043	0.807486631016043	0.108394255853397	-0.282051282051282	-0.765668412850763	6	GZMB PFN1 FCER1G S100A9 S100A12 LTF
HALLMARK_INTERFERON_ALPHA_RESPONSE	0.0967741935483871	0.193548387096774	0.151148761385484	0.639286198341497	1.40212926954219	8	IFI44L MX1 ISG15 EIF2AK2
HALLMARK_INTERFERON_GAMMA_RESPONSE	0.2	0.266666666666667	0.0992333343771191	0.559891335181188	1.25493636227511	10	IFI44L MX1 ISG15 EIF2AK2 XAF1 LY6E IFITM3
