pathway	pval	padj	log2err	ES	NES	size	leadingEdge
HALLMARK_ALLOGRAFT_REJECTION	0.0229385014476004	0.0907911802853437	0.352487857583619	-0.690476190476191	-1.7908086813438	5	B2M HLA-A GZMA RPS9 GZMB
HALLMARK_COMPLEMENT	0.996108949416342	0.996108949416342	0.0251307059474849	0.182286324279102	0.40386709322261	6	FCER1G S100A12 S100A9
HALLMARK_INTERFERON_ALPHA_RESPONSE	0.0363164721141375	0.0907911802853437	0.271288554688953	0.70285018157669	1.55720985063993	6	MX1 ISG15 LY6E PSME2 PSME1
HALLMARK_INTERFERON_GAMMA_RESPONSE	0.0790419161676647	0.131736526946108	0.172324344900946	0.598350933752376	1.4734037900443	9	MX1 ISG15 LY6E PSME2 XAF1 PSME1
HALLMARK_P53_PATHWAY	0.829850746268657	0.996108949416342	0.0408229003677776	0.380643414533739	0.702453093965721	3	CD81 S100A4
