pathway	pval	padj	log2err	ES	NES	size	leadingEdge
HALLMARK_ALLOGRAFT_REJECTION	0.427966101694915	0.534567901234568	0.136490437780413	-0.444372278169078	-1.02631477339803	4	CD74 RPS3A B2M
HALLMARK_COMPLEMENT	0.526727509778357	0.534567901234568	0.0554793308704233	0.510638297872341	0.952300945221353	4	HSPA1A LTF S100A12 S100A9
HALLMARK_INTERFERON_ALPHA_RESPONSE	0.345501955671447	0.534567901234568	0.0760837160951725	0.610722103063908	1.13894950386336	4	IFI44L HLA-C
HALLMARK_INTERFERON_GAMMA_RESPONSE	0.534567901234568	0.534567901234568	0.0522693317499306	0.493996960616159	0.965204773413506	5	IFI44L HLA-DRB1
HALLMARK_KRAS_SIGNALING_DN	0.00529445334030648	0.0264722667015324	0.407017918923954	0.9375	1.62306372890109	3	FGF16 IFI44L NR4A2
