pathway	pval	padj	log2err	ES	NES	size	leadingEdge
HALLMARK_ALLOGRAFT_REJECTION	0.39527027027027	0.527027027027027	0.12563992130984	-0.558823529411765	-1.10269525870549	3	RPS3A CD79A LTB
HALLMARK_COMPLEMENT	0.265734265734266	0.527027027027027	0.0943563635421779	0.676470588235294	1.18835584131684	3	S100A12 S100A9 LTF
HALLMARK_ESTROGEN_RESPONSE_LATE	0.788811188811189	0.788811188811189	0.0401660980049421	0.433886352952752	0.762208129911661	3	S100A9 LTF MYB
HALLMARK_MTORC1_SIGNALING	0.118243243243243	0.472972972972973	0.241339976815091	-0.735294117647059	-1.45091481408617	3	PPIA GAPDH GLRX
