pathway	pval	padj	log2err	ES	NES	size	leadingEdge
HALLMARK_ALLOGRAFT_REJECTION	0.184	0.46	0.208955027549354	-0.571428571428571	-1.34481637879023	4	HLA-DRA B2M CD74 HLA-A
HALLMARK_COMPLEMENT	0.0811965811965812	0.405982905982906	0.186432558434075	0.793103448275862	1.42525079837643	3	LTF S100A12 S100A9
HALLMARK_ESTROGEN_RESPONSE_LATE	0.546772068511199	0.642052565707134	0.0542315935495841	0.475501015232976	0.933311980426333	4	LTF S100A9 CD9
HALLMARK_INTERFERON_ALPHA_RESPONSE	0.36231884057971	0.603864734299517	0.0741758965588009	0.562672103241831	1.10441113306558	4	MX1 HLA-C CD74 B2M
HALLMARK_INTERFERON_GAMMA_RESPONSE	0.642052565707134	0.642052565707134	0.0445070537769277	0.38732108814079	0.841232020273293	6	MX1 HLA-A HLA-B HLA-DRB1 CD74 B2M
