pathway	pval	padj	log2err	ES	NES	size	leadingEdge
HALLMARK_COMPLEMENT	0.59375	0.678571428571429	0.0583452776743612	0.571428571428571	0.972400463830849	3	S100A12 S100A9 LTF
HALLMARK_ESTROGEN_RESPONSE_LATE	1	1	0.0507027937029348	0	0	2	
HALLMARK_G2M_CHECKPOINT	0.433808553971487	0.578411405295316	0.0878312634480124	0.888888888888889	1.12417550903355	1	MT2A
HALLMARK_HYPOXIA	0.433808553971487	0.578411405295316	0.0878312634480124	0.888888888888889	1.12417550903355	1	MT2A
HALLMARK_INTERFERON_GAMMA_RESPONSE	0.433808553971487	0.578411405295316	0.0878312634480124	0.888888888888889	1.12417550903355	1	MT2A
HALLMARK_TNFA_SIGNALING_VIA_NFKB	0.391389432485323	0.578411405295316	0.0913924325943768	-0.888888888888889	-1.15876171542176	1	FOSB
HALLMARK_UV_RESPONSE_UP	0.391389432485323	0.578411405295316	0.0913924325943768	-0.888888888888889	-1.15876171542176	1	FOSB
HALLMARK_XENOBIOTIC_METABOLISM	0.433808553971487	0.578411405295316	0.0878312634480124	0.888888888888889	1.12417550903355	1	MT2A
