pathway	pval	padj	log2err	ES	NES	size	leadingEdge
HALLMARK_ALLOGRAFT_REJECTION	0.222448979591837	0.581632653061225	0.130777137971974	0.956521739130435	1.23598345588235	1	MMP9
HALLMARK_APICAL_JUNCTION	0.309401709401709	0.581632653061225	0.0972150808846466	0.72254449206581	1.15242677734239	2	MMP9 ACTB
HALLMARK_COAGULATION	0.222448979591837	0.581632653061225	0.130777137971974	0.956521739130435	1.23598345588235	1	MMP9
HALLMARK_COMPLEMENT	0.652991452991453	0.83956043956044	0.0580983576873206	0.590909090909091	0.942474085425126	2	S100A12 S100A9
HALLMARK_ESTROGEN_RESPONSE_LATE	0.824489795918367	0.90625	0.0554793308704233	0.565217391304348	0.730353860294114	1	S100A9
HALLMARK_G2M_CHECKPOINT	0.387755102040816	0.581632653061225	0.0943563635421779	0.869565217391304	1.12362132352941	1	RASAL2
HALLMARK_KRAS_SIGNALING_UP	0.222448979591837	0.581632653061225	0.130777137971974	0.956521739130435	1.23598345588235	1	MMP9
HALLMARK_MITOTIC_SPINDLE	0.387755102040816	0.581632653061225	0.0943563635421779	0.869565217391304	1.12362132352941	1	RASAL2
HALLMARK_MYC_TARGETS_V1	0.90625	0.90625	0.0490939668192139	-0.521739130434783	-0.679822616407978	1	PSMA7
