pathway	pval	padj	log2err	ES	NES	size	leadingEdge
HALLMARK_GLYCOLYSIS	0.772727272727273	0.772727272727273	0.0513223330421143	-0.666666666666667	-1.04387568555759	1	CXCR4
HALLMARK_HYPOXIA	0.772727272727273	0.772727272727273	0.0513223330421143	-0.666666666666667	-1.04387568555759	1	CXCR4
HALLMARK_KRAS_SIGNALING_UP	0.772727272727273	0.772727272727273	0.0513223330421143	-0.666666666666667	-1.04387568555759	1	CXCR4
HALLMARK_MTORC1_SIGNALING	0.772727272727273	0.772727272727273	0.0513223330421143	-0.666666666666667	-1.04387568555759	1	CXCR4
HALLMARK_PI3K_AKT_MTOR_SIGNALING	0.772727272727273	0.772727272727273	0.0513223330421143	-0.666666666666667	-1.04387568555759	1	CXCR4
