pathway	pval	padj	log2err	ES	NES	size	leadingEdge
HALLMARK_ALLOGRAFT_REJECTION	0.309309309309309	0.513839811542992	0.135002033828631	-0.577777777777778	-1.18353674596146	3	RPS3A IL2RB ITGB2
HALLMARK_COMPLEMENT	0.309803921568627	0.513839811542992	0.156312403073186	-0.441860465116279	-1.13531615091634	5	PFN1 S100A9 PLEK FCER1G IRF1
HALLMARK_INFLAMMATORY_RESPONSE	0.76	0.76	0.0445070537769277	0.444444444444444	0.783987283323047	3	LY6E IRF1 IL2RB
HALLMARK_INTERFERON_ALPHA_RESPONSE	0.394865525672372	0.513839811542992	0.066132620475844	0.508615191100909	1.09545580675976	7	ISG15 PSME2 SAMD9L LY6E IRF1
HALLMARK_INTERFERON_GAMMA_RESPONSE	0.411071849234393	0.513839811542992	0.0623861492893626	0.466915901422023	1.06791534815708	9	ISG15 PSME2 SAMD9L LY6E XAF1
