pathway	pval	padj	log2err	ES	NES	size	leadingEdge
HALLMARK_COMPLEMENT	0.231292517006803	0.387434554973822	0.169570644405628	-0.526315789473684	-1.24780366841446	4	S100A9 LTF FCN1 S100A12
HALLMARK_INFLAMMATORY_RESPONSE	0.0198643943383355	0.0794575773533419	0.352487857583619	0.82051282051282	1.52348372693732	3	AQP9 C5AR1 CXCL8
HALLMARK_INTERFERON_ALPHA_RESPONSE	0.447643979057592	0.447643979057592	0.0633597010643758	0.469432198067875	1.01422247211897	5	ISG15 MX1
HALLMARK_INTERFERON_GAMMA_RESPONSE	0.290575916230367	0.387434554973822	0.0855356947987884	0.546442612327556	1.180605802983	5	ISG15 MX1 PTGS2
