pathway	pval	padj	log2err	ES	NES	size	leadingEdge
HALLMARK_ALLOGRAFT_REJECTION	0.268115942028986	0.402173913043478	0.0959206777921745	0.646587934871675	1.17635697808334	3	IL4
HALLMARK_ANDROGEN_RESPONSE	0.255451713395639	0.402173913043478	0.153158808683073	-0.6	-1.21465231003392	3	B2M AKAP12 MYL12A
HALLMARK_COMPLEMENT	0.794392523364486	0.794392523364486	0.0780892306943345	-0.366666666666667	-0.742287522798508	3	S100A9 S100A12 CR1
HALLMARK_IL2_STAT5_SIGNALING	0.65625	0.7875	0.0472587336673259	0.448275862068966	0.891027733522559	4	TNFSF10 IL3RA IFITM3 SELL
HALLMARK_INTERFERON_ALPHA_RESPONSE	0.0185841507021075	0.0557524521063224	0.352487857583619	0.727157908852725	1.661715268999	7	MX1 ISG15 IFI44 OASL
HALLMARK_INTERFERON_GAMMA_RESPONSE	0.0108078588426724	0.0557524521063224	0.380730400722792	0.688588433275835	1.73663819259027	11	MX1 ISG15 IFI44 OASL MX2 TNFSF10 XAF1
