pathway	pval	padj	log2err	ES	NES	size	leadingEdge
HALLMARK_ALLOGRAFT_REJECTION	0.924574209245742	0.924574209245742	0.0256927476530375	0.296828922588537	0.610610039759874	6	STAT1 IRF7 B2M HLA-A
HALLMARK_ANDROGEN_RESPONSE	0.283333333333333	0.453333333333333	0.150169802128406	-0.586206896551724	-1.17445354576469	3	MYL12A DBI B2M
HALLMARK_APOPTOSIS	0.59	0.786666666666667	0.0985499803531691	-0.448275862068966	-0.898111534996531	3	DNAJA1 TSPO IRF1
HALLMARK_COMPLEMENT	0.821016166281755	0.924574209245742	0.0291395520262835	0.331720508050256	0.724976249414816	8	PLSCR1 IRF7 FCN1 IRF1 PSMB9 LTF S100A12
HALLMARK_INFLAMMATORY_RESPONSE	0.244525547445256	0.453333333333333	0.0911073131586733	0.583333333333333	1.19998141270645	6	EIF2AK2 LY6E BST2 IRF7 IRF1 NMI
HALLMARK_INTERFERON_ALPHA_RESPONSE	2.60930253394122e-06	1.04372101357649e-05	0.627256739718528	0.776880684297826	2.00777467662425	26	IFIT3 EPSTI1 IFI44L IFI44 RSAD2 MX1 CMPK2 OAS1 ISG15 DDX60 IFI35 EIF2AK2 LY6E PLSCR1 UBE2L6 SAMD9L BST2 IRF7
HALLMARK_INTERFERON_GAMMA_RESPONSE	1.73839730401983e-09	1.39071784321586e-08	0.788186810800237	0.833863511211223	2.19437145123781	32	IFIT3 EPSTI1 IFI44L IFIT1 IFI44 RSAD2 MX1 CMPK2 MX2 ISG15 DDX60 XAF1 OAS2 IFI35 STAT1 EIF2AK2 LY6E PLSCR1 UBE2L6 SAMD9L BST2 IRF7
HALLMARK_KRAS_SIGNALING_DN	0.000373648988236237	0.000996397301963299	0.49849310876659	0.919904605216854	1.7303894163434	4	IFI44L RSAD2 MX1
