pathway	pval	padj	log2err	ES	NES	size	leadingEdge
HALLMARK_ALLOGRAFT_REJECTION	0.652573529411765	0.734145220588235	0.0615706755421678	0.714285714285714	1.0140056022409	1	LTB
HALLMARK_COMPLEMENT	0.0462960865359366	0.382075471698113	0.321775918075361	-0.833333333333333	-1.74467877511956	3	S100A9 LTF S100A12
HALLMARK_ESTROGEN_RESPONSE_LATE	0.129198966408269	0.385251798561151	0.199915231309662	-0.846153846153846	-1.52077363896848	2	S100A9 LTF
HALLMARK_FATTY_ACID_METABOLISM	0.783088235294118	0.783088235294118	0.0530212512043078	0.642857142857143	0.912605042016807	1	XIST
HALLMARK_IL2_STAT5_SIGNALING	0.652573529411765	0.734145220588235	0.0615706755421678	0.714285714285714	1.0140056022409	1	LTB
HALLMARK_IL6_JAK_STAT3_SIGNALING	0.652573529411765	0.734145220588235	0.0615706755421678	0.714285714285714	1.0140056022409	1	LTB
HALLMARK_INTERFERON_ALPHA_RESPONSE	0.171223021582734	0.385251798561151	0.124434168630393	0.689353908176663	1.28704721473067	3	ISG15 MX1 SAMD9L
HALLMARK_INTERFERON_GAMMA_RESPONSE	0.0849056603773585	0.382075471698113	0.176694268938498	0.731002931865767	1.45204229187315	4	ISG15 MX1 XAF1 SAMD9L
HALLMARK_KRAS_SIGNALING_DN	0.255514705882353	0.459926470588235	0.11378726182188	0.857142857142857	1.21680672268908	1	MX1
