pathway	pval	padj	log2err	ES	NES	size	leadingEdge
HALLMARK_ALLOGRAFT_REJECTION	0.805839416058394	0.910493827160494	0.0411544018789903	0.5	0.829479169897478	3	CD3D CCL4 CCL5
HALLMARK_COMPLEMENT	0.910493827160494	0.910493827160494	0.0380842053196415	0.428571428571429	0.659374017356488	2	LTF CCL5
HALLMARK_ESTROGEN_RESPONSE_LATE	0.349315068493151	0.910493827160494	0.0902635484340068	0.75	1.19794520547945	1	LTF
HALLMARK_INFLAMMATORY_RESPONSE	0.768382352941177	0.910493827160494	0.0538979025357319	-0.625	-1.00036845983788	1	CCL5
HALLMARK_INTERFERON_GAMMA_RESPONSE	0.768382352941177	0.910493827160494	0.0538979025357319	-0.625	-1.00036845983788	1	CCL5
HALLMARK_TNFA_SIGNALING_VIA_NFKB	0.910493827160494	0.910493827160494	0.0380842053196415	0.428571428571429	0.659374017356488	2	CCL4 CCL5
