pathway	pval	padj	log2err	ES	NES	size	leadingEdge
HALLMARK_COMPLEMENT	0.525291828793774	0.525291828793774	0.0751181635276302	0.714285714285714	0.904124074726825	1	TNFAIP3
HALLMARK_EPITHELIAL_MESENCHYMAL_TRANSITION	0.525291828793774	0.525291828793774	0.0751181635276302	0.714285714285714	0.904124074726825	1	TNFAIP3
HALLMARK_G2M_CHECKPOINT	0.284046692607004	0.525291828793774	0.110564716336619	0.857142857142857	1.08494888967219	1	MT2A
HALLMARK_HYPOXIA	0.183385579937304	0.525291828793774	0.12563992130984	0.833333333333333	1.36320932289917	2	MT2A TNFAIP3
HALLMARK_INTERFERON_GAMMA_RESPONSE	0.183385579937304	0.525291828793774	0.12563992130984	0.833333333333333	1.36320932289917	2	MT2A TNFAIP3
HALLMARK_KRAS_SIGNALING_UP	0.525291828793774	0.525291828793774	0.0751181635276302	0.714285714285714	0.904124074726825	1	TNFAIP3
HALLMARK_TNFA_SIGNALING_VIA_NFKB	0.525291828793774	0.525291828793774	0.0751181635276302	0.714285714285714	0.904124074726825	1	TNFAIP3
HALLMARK_XENOBIOTIC_METABOLISM	0.284046692607004	0.525291828793774	0.110564716336619	0.857142857142857	1.08494888967219	1	MT2A
